<?xml version="1.0" encoding="UTF-8"?>
<export><property name="keyalias" value="a4d54da0-88ab-4733-b94b-e851b80d5841"/><module id="tenants"><organization>organizations</organization></module><module id="authority"><user>jasperadmin</user><user>anonymousUser</user><user>joeuser</user><role>EXTERNAL_TEST_ROLE_2</role><role>EXTERNAL_TEST_ROLE_1</role><role>ROLE_ADMINISTRATOR</role><role>ROLE_USER</role><role>ROLE_ANONYMOUS</role></module><module id="repositoryResources"><folder>/</folder></module><module id="calendars"><calendar>New Years Days</calendar></module><module id="reportJobs"/><module id="favorites"/><property name="pathProcessorId" value="zip"/><property name="rootTenantId" value="organizations"/><property name="jsVersion" value="7.5.0 CE"/><property name="encrypted" value="4A52534956000000107428AF4B43EFF11B727309624EEA990EA99D997E10725D539D26E7E0CB35D673"/></export>