<?xml version="1.0" encoding="UTF-8"?>
<jdbcDataSource exportedWithPermissions="true">
    <folder>/datasources</folder>
    <name>JServerJdbcDS</name>
    <version>0</version>
    <label>JServer Jdbc Data Source</label>
    <description>JServer Jdbc Data Source</description>
    <creationDate>2023-04-26T04:23:13.393-07:00</creationDate>
    <updateDate>2023-04-26T04:23:13.393-07:00</updateDate>
    <driver>org.postgresql.Driver</driver>
    <connectionUrl>jdbc:postgresql://ci-catalogs-na2-postgresql.jaspersoft.com:5432/suupdate</connectionUrl>
    <connectionUser>ci_agent</connectionUser>
    <connectionPassword>ENC&lt;4A52534956000000106B7FC590CBEF2B89C2CF6F029D005185DCEA8C3A129EA5C0A42BF52363FDA1BE&gt;</connectionPassword>
</jdbcDataSource>
