<?xml version="1.0" encoding="UTF-8"?>
<jdbcDataSource exportedWithPermissions="true">
    <folder>/analysis/datasources</folder>
    <name>FoodmartDataSource</name>
    <version>0</version>
    <label>Foodmart Data Source</label>
    <description>Foodmart Data Source</description>
    <creationDate>2023-04-26T04:23:14.095-07:00</creationDate>
    <updateDate>2023-04-26T04:23:14.095-07:00</updateDate>
    <driver>org.postgresql.Driver</driver>
    <connectionUrl>jdbc:postgresql://ci-catalogs-na2-postgresql.jaspersoft.com:5432/foupdate</connectionUrl>
    <connectionUser>ci_agent</connectionUser>
    <connectionPassword>ENC&lt;4A5253495600000010AA349310C4CAB7ADF723D3B9EAC5BF6C83261365EDC073DE0D0B8E3F666022CC&gt;</connectionPassword>
</jdbcDataSource>
